Word,Pron,Definition,Example
do a/take a course in something,ˌduː ə/ˌteɪk ə ˈkɔːs ɪn ˌsʌmθɪŋ,to take part in a series of lessons in a particular subject,I’m taking a course in graphic design.
do a degree in/qualification in something,ˌduː ə dɪˈɡriː ɪn/ˌkwɒlɪfɪˈkeɪʃn ɪn ˌsʌmθɪŋ,to take part in a course of study at a university or college in a particular subject,Sarah's doing a degree in physics.
get a degree in/qualification in something,ˌɡet ə dɪˈɡriː ɪn/ˌkwɒlɪfɪˈkeɪʃn ɪn ˌsʌmθɪŋ,to receive the qualification that is given to you when you have successfully completed a university or colleɡe course in a particular subject,I need to get a qualification in food hygiene and safety before I can open a café.
have a degree in/qualification in something,ˌhæv ə dɪˈɡriː ɪn/ˌkwɒlɪfɪˈkeɪʃn ɪn ˌsʌmθɪŋ,to have the qualification that is given to you when you have successfully completed a university or colleɡe course in a particular subject,Applicants must have a degree in engineering.
study for a degree in/qualification in something,ˌstʌdi fər ə dɪˈɡriː ɪn/ˌkwɒlɪfɪˈkeɪʃn ɪn ˌsʌmθɪŋ,to take part in a course of study at a university or college in a particular subject,They're studying for a qualification in accountancy.
do/take an exam,ˌduː/ˌteɪk ən ɪɡˈzæm,"to do a spoken or written test of knowledge, especially an important one",We have to take exams at the end of each year.
pass an exam,ˌpɑːs ən ɪɡˈzæm,"to succeed in a spoken or written test of knowledge, especially an important one","If I pass all these exams, I'll be a qualified nurse."
train as something,ˈtreɪn əz ˌsʌmθɪŋ,to be taught the skills of a particular job or activity,Nadia trained as a singer.
work as something,ˈwɜːk əz ˌsʌmθɪŋ,to do a job that you are paid for,She works as a cook in the army.
have/run your own company,ˌhæv/ˌrʌn jər əʊn ˈkʌmpəni,to own and be in charge of an organisation,Theo's dream is to run his own company.
work for a company,ˌwɜːk fər ə ˈkʌmpəni,to do a job that you are paid for in an organisation,They both work for the same company.
work for yourself,ˌwɜːk fə jəˈself,to do a job that you organise yourself,He resigned from the law firm and now works for himself.
work part time,ˌwɜːk pɑːt ˈtaɪm,someone who works part time has a job for only part of each day or week,She wants to work part time after she’s had the baby.
work full time,ˌwɜːk fʊl ˈtaɪm,someone who works full time has a job for all the hours of a week during which it is usual for people to work,She works full time and has two children.
architecture,ˈɑːkɪtektʃə,the art and practice of planning and designing buildings,His architecture degree included two years working for a firm of architects.
economics,"ˌekəˈnɔmɪks, ˌiː-",the study of the way in which money and goods are produced and used,Economics is often studied with politics.
engineering,ˌendʒəˈnɪərɪŋ,"the work involved in designing and building roads, bridges, machines, etc.",You need to be good at mathematics if you want to study engineering.
journalism ,ˈdʒɜːnl-ɪzm,"the job or activity of writing news reports for newspapers, magazines, television or radio",She began her career in journalism working on a local newspaper.
law ,lɔː,a subject of study about the whole system of rules that people in a particular country or area must obey,"She’s studying international business law, so she will spend a year in Germany as part of her course."
medicine,ˈmedsən,the treatment and study of illnesses and injuries,Lucy studied medicine and now works in testing drugs.
politics,ˈpɒlətɪks,the study of political power and systems of government,Not all politicians studied politics at university.
science,ˈsaɪəns,"the study of knowledge about the world, especially based on examining, testing and proving facts","Statements about climate change should be based on science, not just personal opinions."
caring,ˈkeərɪŋ,thinking about what other people need or want and trying to help them,The school aims to provide a caring environment.
reliable,rɪˈlaɪəbl,someone or something that is reliable can be trusted or depended on,People living in the city want a reliable bus and train service.
organised,ˈɔːɡənaɪzd,"achieving your aims in a way that is effective, ordered and sensible",It will take me a few days to get organised after moving house.
lazy,ˈleɪzi,"not liking work or physical activity, or not making any effort to do anything",Make your own breakfast! Don't be so lazy!
ambitious,æmˈbɪʃəs,"determined to be successful, rich, powerful, etc.","Jacob was intensely ambitious, obsessed with the idea of becoming rich"
shy,ʃaɪ,"nervous and embarrassed about meeting and speaking to other people, especially people you do not know",He was too shy to come and sit next to me in class.
confident,ˈkɒnfɪdənt,sure that you have the ability to do something well or deal with situations successfully,She seemed confident that she would pass.
calm,kɑːm,"relaxed and quiet, not angry, nervous or upset",Everyone praised Douglas for the calm way in which he handled the situation.
patient,ˈpeɪʃnt,"able to wait calmly for a long time or to accept difficulties, people’s annoying behaviour, etc. without becoming angry",You’ll just have to be patient and wait till I’m off the phone.
sensitive,ˈsensətɪv,easily upset or offended by events or things that people say,Throughout her career she remained very sensitive to criticism.
open,ˈəʊpən,honest and not wanting to hide any facts from other people,The couple are quite open with each other about their feelings.
honest,ˈɒnɪst,saying what you really think and not hiding the truth or the facts,"I’m going to ask you something, and I want you to be honest with me."
hard-working,ˌhɑːd ˈwɜːkɪŋ,working with a lot of effort,Sam is a hard-working student; he deserves to do well in his exams.
creative,kriˈeɪtɪv,someone who is creative is very good at using their imagination to make things or find solutions to problems,You’re so creative! I could never make my own clothes.
bossy,ˈbɒsi,"always telling other people what to do, in a way that is annoying",My older sister was bossy when we were children but we get on well these days.
disorganised,dɪsˈɔːɡənaɪzd,someone who is disorganised is very bad at arranging or planning things,Rob is so disorganised that he'd forgotten we had invited him to dinner.
easy-going,ˌiːziˈɡəʊɪŋ,"not easily upset, annoyed or worried",Her easy-going nature made her popular.
kind,kaɪnd,"someone who is kind tries to help people and make them happy or comfortable, and shows that they care about them",They were very kind to us and let us stay in their house as long as we liked.
moody,ˈmuːdi,often changing quickly from being in a good temper to being in a bad temper,"Harry was a good-natured teenager, hardly ever moody."
negative,ˈneɡətɪv,"considering only the bad qualities of a situation, person, etc. and not the good ones",Jean rarely sounded so negative about her mother.
sociable,ˈsəʊʃəbl,someone who is sociable is friendly and enjoys being with other people,Some research has shown that people without brothers and sisters tend to be less sociable.
stubborn,ˈstʌbən,"determined not to change your mind, even when people think you are being unreasonable",Dave can be really stubborn once he’s made up his mind.
increase,ɪnˈkriːs,"to become larger in number, amount or degree",The population increased dramatically in the first half of the century.
get/become easier,ɡet/bɪˌkʌm ˈiːziə,to be less and less difficult to do or understand,Downloading music is getting easier as new software is developed.
get/become harder,ɡet/bɪˌkʌm ˈhɑːdə,to be more and more difficult to do or understand,The maths exams are becoming harder every year.
decrease,dɪˈkriːs,to become less or go down to a lower level,Violent crime has significantly decreased over the last ten years.
go down,ɡəʊ ˈdaʊn,"to become lower in level, amount, etc.",Computers have gone down in price.
reduce,rɪˈdjuːs,"to make (something) smaller or less in size, amount or price",We need to reduce the amount of salt in our diet.
improve,ɪmˈpruːv,"to make something better, or to become better",This course is for students wishing to improve their English.
rise,raɪz,"to increase in number, amount or value",House prices rose rapidly last year.
go up,ɡəʊ ˈʌp,"to increase in price, amount, level, etc.",Train fares have gone up.
fall,fɔːl,"to go down to a lower level, amount, price, etc., especially a much lower one",The island is warm all year round and winter temperatures never fall below 10 degrees.
get better,ɡet ˈbetə,to improve,Her cooking isn’t really getting any better.
get worse,ɡet ˈwɜːs,"to become more unpleasant, bad or severe",Conditions will get worse as the winter continues.
amazed,əˈmeɪzd,very surprised,You’d be amazed how much money you can save.
amazing,əˈmeɪzɪŋ,"very good, especially in an unexpected way",He’s an amazing player to watch.
annoyed,əˈnɔɪd,sliɡhtly anɡry,I’ll be annoyed if we don’t finish by eight.
annoying,əˈnɔɪ-ɪŋ,makinɡ you feel sliɡhtly anɡry,It’s annoying that we didn’t know about this before.
disappointed,ˌdɪsəˈpɔɪntɪd,"unhappy because something you hoped for did not happen, or because someone or something was not as good as you expected",Hundreds of disappointed fans were unable to get tickets for the game.
disappointing,ˌdɪsəˈpɔɪntɪŋ,not as good as you hoped or expected,The result of the semi-finals was very disappointing.
embarrassed,ɪmˈbærəst,"feeling uncomfortable or nervous and worrying about what people think of you, for example because you have made a silly mistake, or because you have to talk or sing in public",Lori gets embarrassed if we ask her to sing.
embarrassing,ɪmˈbærəsɪŋ,"making you feel ashamed, nervous or uncomfortable",This incident is deeply embarrassing for the government.
frightened,ˈfraɪtnd,feelinɡ afraid,I was frightened of being left by myself in the house.
frightening,ˈfraɪtn-ɪŋ,makinɡ you feel afraid or nervous,Going into hospital can be very frightening for a child.
relaxed,rɪˈlækst,"feeling calm, comfortable, and not worried or annoyed",I was feeling relaxed after my holiday.
relaxing,rɪˈlæksɪŋ,makinɡ you feel relaxed,"After a busy week at work, I'm looking forward to a relaxing evening at home."
surprised,səˈpraɪzd,having the feeling you have when something unexpected or unusual happens,I was surprised to see her again so soon.
surprising,səˈpraɪzɪŋ,unusual or unexpected,It’s surprising how quickly you get used to it.
tired,taɪəd,feeling that you want to sleep or rest,I’m so tired I could sleep for a week.
tiring,ˈtaɪərɪŋ,making you feel that you want to sleep or rest,The journey was really tiring.
worried,ˈwʌrid,"unhappy because you keep thinking about a problem, or about something bad that might happen",The family became worried about her safety.
worrying,ˈwʌri-ɪŋ,something that is worrying makes you feel anxious or worried,The pollution in our rivers is extremely worrying.
remind you of something,rɪˈmaɪnd jʊ əv ˌsʌmθɪŋ,to make someone remember someone that they know or something that happened in the past,That song always reminds me of Tim and Liz's wedding.
make you think of something,ˌmeɪk jʊ ˈθɪŋk əv ˌsʌmθɪŋ,to make someone think about someone that they know or something that happened in the past,Those flowers make her think of her grandmother's garden.
have happy memories of something,hæv ˌhæpi ˈmeməriz əv ˌsʌmθɪŋ,to make someone remember someone that they know or something that happened in the past in a positive way,I have happy memories of our summer holidays in Wales.
make you feel …,meɪk jʊ fiːl,"if a situation, event, etc. makes you feel good, strange, etc., that is the emotion or feeling that it gives you",Looking at photos of my aunt makes me feel sad.
I'll never forget …,aɪl ˌnevə fəˈɡet,used to show that a memory is very strong,I'll never forget the time my dad fell off the boat!
I'll always remember …,aɪl ˌɔːlwəz rɪˈmembə,used to show that a memory is very strong,I'll always remember how kind they were when I was lost.
sight,saɪt,the physical ability to see,He began to lose his sight six years ago.
sound,saʊnd,"something that you hear, or what can be heard",There were strange sounds coming from the next room.
touch,tʌtʃ,"the sense that you use to discover what something feels like, by putting your hand or fingers on it",The room was dark but she found her way to the door by  touch.
smell ,smel,the ability to notice or recognise qualities by using your nose,Dogs have a very good sense of smell.
taste,teɪst,the feeling that is produced by a particular food or drink when you put it in your mouth,The medicine had a slightly bitter taste.
look at ,ˈlʊk ət,"to turn your eyes towards (someone or something), so that you can see them",The twins looked at each other and smiled.
see,siː,"to notice or examine (someone or something), using your eyes","Can I see your ticket, please?"
watch,wɒtʃ,"to look at (someone or something) for a period of time, paying attention to what is happening",Watch carefully. You may learn something.
listen,ˈlɪsn,to pay attention to what someone is saying or to a sound that you can hear,I listened to the rain falling on the roof.
hear,ˈhɪə,"to know that a sound is being made, using your ears",I couldn’t hear what they were saying most of the time.
touch,tʌtʃ,"to put your hand, finger, etc. on (someone or something)",A hand touched her on the shoulder.
feel ,fiːl,"to give you a particular physical feeling, especially when you touch or hold something",His hands felt cold.
hold,həʊld,"to have (something) in your hand, hands or arms",Could you hold my bag for me?
smell ,smel,to notice or recognise a particular smell or to have a particular smell,Can you smell something burning? / My clothes smelt of smoke.
taste,teɪst,to have a particular kind of taste (= the feeling that is produced by a particular food or drink when you put it in your mouth),The food tasted better than it looked.
anxious,ˈæŋkʃəs,worried about something,She is anxious about the interview.
cheerful,ˈtʃɪəfl,"happy, or behaving in a way that shows you are happy",Before the accident he had been cheerful and confident.
dull,dʌl,not interesting or exciting,The weekly meeting tends to be dull.
enjoyable,ɪnˈdʒɔɪəbl,something enjoyable gives you pleasure,Games can make learning more enjoyable.
extraordinary,ɪkˈstrɔːdnri,very unusual or surprising,Organising the conference took an extraordinary amount of work.
homesick,ˈhəʊmsɪk,feeling unhappy because you are a long way from your home,Some students feel homesick when they first go to university.
lively,ˈlaɪvli,someone who is lively has a lot of energy and is very active,Looking after three lively children keeps me busy.
nervous,ˈnɜːvəs,"worried or frightened about something, and unable to relax",Paul always gets nervous when he has to give a presentation.
optimistic,ˌɒptəˈmɪstɪk,believing that good things will happen in the future,I’m optimistic about our chances of winning.
peaceful,ˈpiːsfl,"a peaceful time, place or situation is quiet and calm without any worry or excitement",It’s very peaceful out here in the woods.
positive,ˈpɒzətɪv,"if you are positive about things, you are hopeful and confident, and think about what is good in a situation rather than what is bad",You’ve got to be more positive about your work.
strange,streɪndʒ,"unusual or surprising, especially in a way that is difficult to explain or understand",It’s strange that we’ve never met before.
stressful,ˈstresfl,"a job, experience or situation that is stressful makes you worry a lot",Moving to a new house is a very stressful experience.
unpleasant,ʌnˈpleznt,not pleasant or enjoyable,Tom got a rather unpleasant surprise when he opened the door.
delicious,dɪˈlɪʃəs,very pleasant to taste or smell,The delicious smell of apple pie was coming from the kitchen.
negative,ˈneɡətɪv,"expecting that something bad will happen, or criticising or disapproving of someone or something",The news reports focused on the negative aspects of the situation.
dangerous,ˈdeɪndʒrəs,"likely to harm or kill someone, or cause very serious problems",The mountains are a dangerous place for walkers because the weather changes quickly.
special,ˈspeʃl,"not ordinary or usual, but different in some way and often better or more important",He only wears this suit on special occasions.
drinkable,ˈdrɪŋkəbl,water that is drinkable is safe to drink,After the earthquake there was only a limited supply of drinkable water.
attractive,əˈtræktɪv,good-looking,"As well as being clever, he was also very attractive."
financial,"fəˈnænʃl, faɪ-",relating to money or the management of money,The Japanese government gives financial support to farmers.
creative,kriˈeɪtɪv,involving the use of imagination to produce new ideas or things,He talks about the creative process of writing a poem.
helpful,ˈhelpfl,always willing to help people,The waiter was only trying to be helpful.
important,ɪmˈpɔːtnt,having a big effect on people’s lives or on events in the future,Good qualifications are increasingly important.
poisonous,ˈpɔɪznəs,containing poison or producing poison,Some mushrooms are extremely poisonous.
bucket list,ˈbʌkɪt lɪst,a list of things that you want to do before you die,Swimming with dolphins is one of the things on my bucket list.
take part in,teɪk ˈpɑːt ɪn,"to be involved in (an activity, sport, event, etc.) with other people",About 400 students took part in the protest.
perform,pəˈfɔːm,"to do something to entertain people, for example by acting a play or playing a piece of music",The children perform two plays each school year.
raise money,ˌreɪz ˈmʌni,"to do something to get money for a charity, school, etc.",The Christmas fair raises money for the school.
take up,ˌteɪk ˈʌp,to become interested in (a new activity) and to spend time doing it,"Roger took painting up for a while, but soon lost interest."
"go (backpacking, trekking, etc)",ɡəʊ ˈbækpækɪŋ/ˈtrekɪŋ,"to do an activity for pleasure, usually involvinɡ travellinɡ (for example without very much money, and carrying a backpack, or ɡoinɡ for a lonɡ, challenɡinɡ walk in the hills)",Utah is a great place to go hiking.
explore,ɪkˈsplɔː,to travel around an area in order to find out about it,Venice is a wonderful city to explore.
experience,ɪkˈspɪəriəns,"if you experience a problem, event or situation, it happens to you or affects you",Children need to experience things for themselves in order to learn from them.
apply,əˈplaɪ,"to make a formal request, usually written, for something such as a job, a place at a university, or permission to do something",She applied to work as a volunteer in Nepal.
try,traɪ,"to do or use (something) for a short while to discover if it is suitable, successful, enjoyable, etc.",They decided they would try living in America for a while.
get in touch,ˌɡet ɪn ˈtʌtʃ,to start talking or writing to someone,Can I have your phone number in case I need to get in touch with you?
get what someone's saying,ˌɡet wɒt ˌsʌmwʌnz ˈseɪ-ɪŋ,to understand something someone says,I don’t think she got the joke.
get a bonus,ɡet ə ˈbəʊnəs,"to receive money added to your wages, especially as a reward for good work",Each worker gets an annual bonus when the company makes a profit.
get someone a sandwich,ˌɡet sʌmwʌn ə ˈsænwɪdʒ,"to buy or get someone two pieces of bread with cheese, meat, cooked egg, etc. between them and bring it back from somewhere","When you go to the café, can you get me a cheese salad sandwich?"
get tired of something,ɡet ˈtaɪəd əv ˌsʌmθɪŋ,"to become bored with something, because it is no longer interesting or has become annoying",I’m getting tired of watching television; let’s go for a walk.
get on well,ˌɡet ɒn ˈwel,"if people get on well, they like each other and have a friendly relationship with each other",The two girls get on well most of the time.
get here,ˈɡet hɪə,to arrive,They won't get here till after nine o'clock.
keep in touch (with someone),ˌkiːp ɪn ˈtʌtʃ wɪð ˌsʌmwʌn,to keep writing to someone or calling them,I hope you'll keep in touch while you're away.
lose touch (with someone),ˌluːz ˈtʌtʃ wɪð ˌsʌmwʌn,to stop writing or talking to someone,I lost touch with Julie after we moved.
get on really well,ˌɡet ɒn ˌrɪəli ˈwel,"if people get on really well, they like each other very much and have a very friendly relationship with each other",The three boys have always got on really well ever since they started school together.
see each other,ˈsiː iːtʃ ˌʌðə,to visit or meet someone,We haven't seen each other since we left school.
spend time with someone,ˌspend ˈtaɪm wɪð ˌsʌmwʌn,to use time doing something with a particular person/particular people,I want to spend more time with my family.
hang out,ˌhæŋ ˈaʊt,to spend a lot of time in a particular place or with particular people,I don’t really know who she hangs out with.
catch up with,ˌkætʃ ˈʌp wɪð,to spend time finding out what has been happening while you have been away or during the time you have not seen someone,When she gets home I want to catch up with Jo. We haven't seen each other for two years.
get together,ˌɡet təˈɡeðə,"if people get together, they meet in order to spend time with each other",We must get together for a coffee.
get to know someone,ˌɡet tə ˈnəʊ ˌsʌmwʌn,to gradually begin to know someone,It’ll take a while for you to get to know everyone.
see a lot of someone,ˌsiː ə ˈlɒt əv ˌsʌmwʌn,to spend a lot of time with a particular person ,Jack's been seeing a lot of Ben recently.
meet up with someone,ˌmiːt ˈʌp wɪðˌ sʌmwʌn,"if people meet up, they meet in order to do something together",Why don’t I meet up with you after lunch?
art gallery,ˈɑːt ˌɡæləri,a building where paintings are shown to the public,The Prado is a famous art gallery in Madrid.
cycle lane,ˈsaɪkl leɪn,a part of a wide road that only bicycles are allowed to use,There's a cycle lane all the way into Norwich from our village.
landmark,ˈlændmɑːk,"something that is easy to recognise, such as a tall tree or building, and that helps you know where you are",The Scott Monument is one of Edinburgh's most famous landmarks.
neighbourhood,ˈneɪbəhʊd,an area of a town or city,She grew up in a quiet neighbourhood in Boston.
outdoor café,ˌaʊtdɔː ˈkæfeɪ,a small restaurant where you can buy drinks and simple meals and eat or drink them outside the building,The central square was full of outdoor cafés.
pedestrian street,pəˌdestriən ˈstriːt,"a street which is only for people walking, not for vehicles",The area around the cathedral is all pedestrian streets.
skyline,ˈskaɪlaɪn,the shape made by hills or buildings against the sky,Taking the Staten Island ferry is a great way to view the famous Manhattan skyline.
square,skweə,"a large open area in the centre of a town or city, usually in the shape of a square, or the buildings surrounding it",The hotel is just off the main square of Sorrento.
suburb,ˈsʌbɜːb,an area where people live which is away from the centre of a town or city,We grew up in a suburb of Los Angeles.
traffic jam,ˈtræfɪk ˌdʒæm,"a long line of vehicles on a road, that cannot move or can only move very slowly",We were stuck in a traffic jam for two hours.
through,θruː,"from one side of an area to the other, or between a group of things",We walked through the village to the farm.
on your/the right,ɒn jə/ðə ˈraɪt,"on the side of your body that has the hand that most people write with, or this side of anything else",Take the first turning on the right.
on your/the left,ɒn jə/ðə ˈleft,"on the side of your body that has the hand that most people do not write with, or this side of anything else",The school is on your left as you come into the village.
next to,ˈnekst tʊ,"very close to someone or something, with no other person, building, place, etc. in between",The hotel was right next to the airport.
over,ˈəʊvə,from one side of something to the other side of it,The road over the mountains is steep and dangerous.
around,əˈraʊnd,"on the other side of something, or to the other side of it without going through it or over it","If the gate’s locked, you’ll have to go around the side of the house."
along,əˈlɒŋ,"a particular distance away, on or beside something long such as a line, road, edge, etc.",Hugo’s house was about two hundred yards away along the main street.
across,əˈkrɒs,from one side of something to the other,We’ll have to swim across the river.
between,bɪˈtwiːn,"in or through the space that separates two things, people or places",I sat down between Sue and Jane.
active,ˈæktɪv,"always busy doing things, especially physical or mental activities","She’s over 80, but is still very active."
busy,ˈbɪzi,"if you are busy, you are working hard and have a lot of things to do",Helen is a busy mother of four.
easy-going,ˌiːzi ˈɡəʊɪŋ,"not easily upset, annoyed or worried",Dad's very easy-going; he hardly ever gets cross.
enerɡetic,ˌenəˈdʒetɪk,having a lot of energy,"If you’re feeling energetic, we could go out for a run."
fun,fʌn,enjoyable and amusing,Try snowboarding – it’s a really fun sport.
healthy,ˈhelθi,good for your body,My grandmother is 95 now and still very active because she's always had a healthy lifestyle.
inactive,ɪnˈæktɪv,"not doing anything, not working or not moving",The brain cells are inactive during sleep.
quiet,ˈkwaɪət,without much activity or without many people,"Rebecca wants to go to the party, but Oliver wants a quiet night in."
sensible,ˈsensəbl,"reasonable, practical and showing good judgement",Moving house seemed like the sensible thing to do.
simple,ˈsɪmpl,honest and ordinary and not special in any way,Joe was just a simple farmer.
sociable,ˈsəʊʃəbl,someone who is sociable is friendly and enjoys being with other people,"Our neighbours seem like a pleasant, sociable couple."
stressful,ˈstresfl,making you worried and unable to relax,Police officers may be working in stressful conditions.
unhealthy,ʌnˈhelθi,likely to make you ill,Working in an unhealthy environment is linked with various diseases.
brand,brænd,"a type of product made by a particular company, that has a particular name or design",A company carefully protects its brand image.
environmentally friendly,ɪnˌvaɪrənmentl-i ˈfrendli,not harmful to the environment,Is there such a thing as an environmentally friendly car?
hiɡh quality,ˌhaɪ ˈkwɒləti,very good,Our chef uses only high quality ingredients.
easy to use,ˌiːzi tə ˈjuːz,not difficult to operate,"Itˈs a great piece of software, and very easy to use."
ɡood value,ˌɡʊd ˈvæljuː,used to say that something is worth what you pay for it,The lunch special is really good value.
poor value,ˌpɔː ˈvæljuː,used to say that something is not worth what you pay for it,Ten dollars for a coffee is very poor value.
poorly desiɡned,ˌpɔːli dɪˈzaɪnd,badly drawn or planned and not suited to its purpose,"Their office is poorly designed for a media company, so they are moving to new premises."
well desiɡned,ˌwel dɪˈzaɪnd,well drawn or planned and well suited to its purpose,The new camera equipment is well designed for use under water.
excellent service,ˌeksələnt ˈsɜːvɪs,"very good help that people who work in a shop, restaurant, bar, etc. give you",We received excellent service from the bank advisers.
popular,ˈpɒpjələ,liked by a lot of people,Coffee is probably the most popular drink in the world.
reliable,rɪˈlaɪəbl,someone or something that is reliable can be trusted or depended on,"It's a long journey, so we'll need a reliable car."
unreliable,ˌʌnrɪˈlaɪəbl,unable to be trusted or depended on,This lawnmower is getting more and more unreliable. Let's get a new one.
fitness tracker,ˈfɪtnəs ˌtrækə,a personal electronic device that monitors your physical activity,Their latest watch model includes a fitness tracker and GPS.
laptop,ˈlæptɒp,a small computer that you can carry with you,I used my laptop to check in for my flight.
tablet,ˈtæblɪt,a computer that you can carry with you which has a touch screen and does not have a separate keyboard,Every classroom is provided with at least two tablets to assist students' learning.
make-up,ˈmeɪk ʌp,coloured substances that are put on your face to improve or change your appearance,They’re not allowed to wear make-up to school.
perfume,ˈpɜːfjuːm,a liquid with a strong pleasant smell that women put on their skin or clothing to make themselves smell nice,What's that perfume you're wearing?
aftershave,ˈɑːftəʃeɪv,a liquid with a nice smell that a man puts on his face after he has shaved,She gave me a bottle of my favourite aftershave.
console,ˈkɒnsəʊl,an electronic machine that is used for playing games on a screen,They're bringing out a new games console in June.
e-reader,ˈiː ˌriːdə,"a small piece of electronic equipment for reading books on a computer screen or on a special small computer that you can hold in your hands, and that are not printed on paper",My e-reader is very convenient for holidays; I don't need to pack any books.
luɡɡaɡe,ˈlʌɡɪdʒ,"the cases, bags, etc. that you carry when you are travelling",Security officers checked every piece of luggage.
jewellery,ˈdʒuːəlri,"small things that you wear for decoration, such as rings or necklaces",She wears a lot of gold jewellery.
action film,ˈækʃən fɪlm,"an action film has a lot of exciting scenes in it, in which people fight, chase and kill each other",Gibson became famous in action films.
animation,ˌænəˈmeɪʃn,"a film, television programme, computer game, etc. that has pictures, clay models, etc. that seem to be really moving",The animation tells the story of an inventor and his dog landing on the moon.
biopic,ˈbaɪəʊˌpɪk,a film that tells the story of someone’s life,Mandela died shortly after his biopic was released.
comedy,ˈkɒmədi,"a play, film or television programme that is intended to make people laugh",The film is a comedy about an unsuccessful secret agent.
documentary,ˌdɒkjəˈmentəri,a film or a television or radio programme that gives detailed information about a particular subject,A local film crew is making a documentary about volcanoes.
fantasy,ˈfæntəsi,"a story, film, etc. that is based on imagination and not facts",The fantasy series is based on the famous novels by Tolkien. 
historical drama,hɪsˌtɒrɪkl ˈdrɑːmə,a film or a television or radio programme describing or based on events in the past,It's a historical drama set in eighteenth-century Russia.
horror film,ˈhɒrə fɪlm,"a film about something that is very terrible, shocking or frightening",I can't watch horror films – they're just too frightening!
musical,ˈmjuːzɪkl,a play or film that includes singing and dancing,Webber had three musicals playing in London at one time.
romantic comedy,rəʊˌmæntɪk ˈkɒmədi,a film that is intended to make people laugh and that involves a love story,Four Weddings and a Funeral' is a well-known romantic comedy.
science fiction film,ˌsaɪəns ˈfɪkʃn fɪlm,"a film about events in the future that are affected by imaginary developments in science, for example about travelling in time or to other planets with life on them",‘2001: A Space Odyssey’ is probably the most famous science fiction film ever made.
thriller,ˈθrɪlə,a book or film that tells an exciting story about murder or crime,‘The Birds’ is a classic Hitchcock thriller.
war film,ˈwɔː fɪlm,"a film about fighting between two or more countries or between opposing groups within a country, involving large numbers of soldiers and weapons",Many US war films feature the Vietnam War.
popular,ˈpɒpjələ,liked by a lot of people,Business management courses are increasingly popular.
popularity,ˌpɒpjəˈlærəti,when something or someone is liked or supported by a lot of people,Extreme sports are growing in popularity.
active,ˈæktɪv,"always busy doing things, especially physical or mental activities",My father always led a very active life.
action,ˈækʃn,"the process of doing something, especially in order to achieve a particular thing",Environmental groups want tougher action on pollution from cars.
reliable,rɪˈlaɪəbl,someone or something that is reliable can be trusted or depended on ,The information had come from a reliable source.
reliability,rɪˌlaɪəˈbɪləti,the quality of being accurate or able to be trusted,Reliability is an important quality for a pilot.
animated,ˈænɪmeɪtɪd,"(a film, television programme, computer game, etc.) showing pictures, clay models, etc. that seem to be really moving",Disney is most famous for making animated films.
animation,ˌænɪˈmeɪʃn,"the process of making animated films, television programmes, computer games, etc.",They used computer animation in the film.
environmental,ɪnˌvaɪrənˈmentl,"concerning or affecting the air, land or water on Earth ","Environmental issues, such as cliff erosion and pollution, directly affect people’s lives."
environment,ɪnˈvaɪrənmənt,"the air, water and land on Earth, which is affected by man’s activities",The government insists that the dam will not harm the environment.
romantic,rəʊˈmæntɪk,relating to feelings of love or a loving relationship,"After dinner, they went for a romantic walk by the sea."
romance,"rəʊˈmæns, ˈrəʊmæns","love, or a feeling of being in love",The romance had gone out of their relationship.
tired,taɪəd,feeling that you want to sleep or rest,He was tired from walking all day.
tiredness,ˈtaɪədnəs,the feeling you get when you want to sleep or rest,Tiredness is one of the symptoms of her illness.
education,ˌedjʊˈkeɪʃn,"the process of teaching and learning, usually at school, college or university","She had a poor education, and left school without qualifications."
relaxation,ˌriːlækˈseɪʃn,a way of resting and enjoying yourself,I play the piano for relaxation.
application,ˌæplɪˈkeɪʃn,"a formal, usually written, request for something such as a job, place at university, or permission to do something",The university welcomes applications from overseas students.
responsibility,rɪˌspɒnsəˈbɪləti,"a duty to be in charge of someone or something, so that you make decisions and can be blamed if something bad happens",It’s your responsibility to inform us of any changes.
electricity,"ɪˌlekˈtrɪsəti, ˌelɪk-","the power that is carried by wires, cables, etc. and is used to provide light or heat, to make machines work, etc.",The storms have disrupted the electricity supply to some areas.
creativity,ˌkriːeɪˈtɪvəti,"the ability to use your imagination to produce new ideas, make things, etc.",Editors complain about the lack of creativity in the ideas put to them.
government,"ˈɡʌvəmənt, ˈɡʌvənmənt",the group of people who govern a country or state,The UK government has offered to send aid.
advertisement,ədˈvɜːtəsmənt,"a picture, set of words, or a short film that is intended to persuade people to buy a product or use a service, or that gives information about a job that is available, an event that is going to happen, etc.",The Sunday papers are full of advertisements for cars.
excitement,ɪkˈsaɪtmənt,"happiness, interest or hope because something good has happened or will happen",Her excitement grew as the day of the wedding came nearer.
excellence,ˈeksləns,being extremely good or of very high quality,The university's reputation for excellence is well deserved.
difference,ˈdɪfrəns,a way in which two or more people or things are not like each other,There’s only a slight difference between the male and the female bird.
convenience,kənˈviːniəns,"the quality of being suitable or useful for a particular purpose, especially by making something easier or saving you time",Most of us like the convenience of using credit cards to buy things.
happiness,ˈhæpinəs,the state of being happy,His grandchildren bring him great happiness.
lateness,ˈleɪtnəs,"arriving, happening or done after the time that was expected, agreed or arranged",Your repeated lateness is not acceptable.
darkness,ˈdɑːknəs,when there is no light,We ended up coming down the mountain in total darkness.
instruction,ɪnˈstrʌkʃn,(a piece of) written information that tells you how to do or use something,Always read the instructions before switching on the machine.
fashion,ˈfæʃn,something that is popular or thought to be good at a particular time,Young people are very concerned with fashion.
completion,kəmˈpliːʃn,the state of being finished,The project has a completion date of 22nd December.
appearance,əˈpɪərəns,the way someone or something looks to other people,They’ve changed the appearance of the whole building.
importance,ɪmˈpɔːtəns,having a big effect or influence on people’s lives or on events in the future,I'd like to emphasise the importance of reading exam questions carefully.
distance,ˈdɪstəns,the amount of space between two places or things,Now we are able to measure the distances between the planets.
fashionable,ˈfæʃnəbl,"popular, especially for a short period of time",It was fashionable to have red hair.
stylish,ˈstaɪlɪʃ,fashionable and well-designed in an attractive way,The furniture looked very stylish and modern.
matching,ˈmætʃɪŋ,"having the same colour, style or pattern as something else ",She wore a ruby necklace with matching earrings.
dress up,ˌdres ˈʌp,to wear clothes that are more formal than the ones you would usually wear,"It’s a small, informal party – you don’t have to dress up."
smart,smɑːt,"smart clothes, buildings, etc. are clean, tidy and attractive",He wore a smart black suit for the interview.
casual,ˈkæʒuəl,not formal or not for a formal situation,Jean felt more comfortable in casual clothes.
old-fashioned,ˌəʊld ˈfæʃnd,not considered to be modern or fashionable any more,I can’t wear that dress – it’s too old-fashioned.
have got something on,hæv ˌɡɒt sʌmθɪŋ ˈɒn,to be wearing a piece of clothing or type of clothing,Jimmy had nothing on but his socks.
tight,taɪt,"tight clothes fit your body very closely, especially in a way that is uncomfortable",My shoes were so tight that I could hardly walk.
loose,luːs,loose clothes are big and do not fit your body tightly,She usually wears jeans and loose sweatshirts.
earrings,ˈɪərɪŋz,a piece of jewellery that you wear on your ear,She was wearing a pair of beautiful diamond earrings.
scarf,skɑːf,"a piece of cloth that you wear around your neck, head or shoulders, especially to keep warm",I wore a dark coat and my favourite silk scarf.
trainers,ˈtreɪnəz,a type of strong shoes that you wear for sport ,Bring your trainers – we'll probably play football in the park later.
belt,belt,"a band of leather, cloth, etc. that you wear around your waist to hold up your clothes or for decoration",He unbuckled his leather belt.
sandals,ˈsændlz,"light shoes that are fastened onto your feet by bands of leather or cloth, and are worn in warm weather","The children wore T-shirts, shorts and sandals to go to the beach."
high heels,ˌhaɪ ˈhiːlz,women’s shoes with high heels,Whenever she wore high heels she was taller than the men she worked with.
bracelet,ˈbreɪslɪt,a band or chain that you wear around your wrist or arm as a decoration ,She often wears a silver bracelet that her husband gave her.
tie,taɪ,"a long narrow piece of cloth tied in a knot around the neck, worn by men",I wear a shirt and tie at work.
tracksuit,ˈtræksuːt,"loose clothes consisting of trousers and a jacket, worn especially for sport",The player wore his new team tracksuit for the press interview. 
sweatshirt,ˈswet-ʃɜːt,a loose warm piece of clothing which covers the top part of your body and arms and is worn especially for sport or relaxation,The team were wearing sweatshirts to keep warm before the game started.
air conditioning,ˈeə kənˌdɪʃnɪŋ,a system that makes the air in a room or building cooler and drier,We only turn on the air conditioning when the weather gets very hot.
balcony,ˈbælkəni,"a structure that you can stand on, that is attached to the outside wall of a building, above ground level",We ate breakfast on the balcony of our hotel room every day.
block of flats,ˌblɒk əv ˈflæts,a large building divided into separate living spaces,They live in one of the new blocks of flats near the hospital.
ceiling,ˈsiːlɪŋ,the inner surface of the top part of a room,All the rooms have high ceilings.
central heating,ˌsentrəl ˈhiːtɪŋ,"a system of heating buildings in which water or air is heated in one place and then sent around the rest of the building through pipes, etc.",We need a new boiler for the central heating.
cottage,ˈkɒtɪdʒ,a small house in the country,They live in London but they also have a weekend cottage by the sea.
detached house,dɪˌtætʃt ˈhaʊs,a detached house is not joined to another building,I grew up in an old detached house with a large garden.
entrance,ˈentrəns,"a door, gate, etc. that you go through to enter a place",She found a parking space close to the hospital's main entrance.
floor,flɔː,the flat surface that you stand on inside a building,There was a puddle of water on the kitchen floor.
patio,ˈpætiəʊ,"a flat hard area near a house, where people sit outside",We invited friends for a barbecue on the new patio.
roof,ruːf,"the structure that covers or forms the top of a building, vehicle, tent, etc.",Birds were perching on the roof of the farmhouse.
staircase,ˈsteəkeɪs,"a set of stairs inside a building, with its supports and the side parts that you hold on to",A wooden staircase leads to the top floor of the house.
studio,ˈstjuːdiəʊ,a room where an artist or photographer regularly works,Craig uses the spare bedroom as a photography studio.
terraced house,ˌterəst ˈhaʊs,a house which is part of a row of houses that are joined together,The house we're going to look at is in the middle of a row of Victorian terraced houses.
dairy products,ˈdeəri ˌprɒdʌkts,"milk, butter, cheese, etc.",Many people prefer dairy products from goats and sheep.
fish,fɪʃ,the flesh of a fish used as food,"In Japan, people eat raw fish."
fruit,fruːt,"something that grows on a plant, tree or bush, can be eaten as a food, contains seeds or a stone, and is usually sweet",Try to eat plenty of fresh fruit.
meat,miːt,the flesh of animals and birds eaten as food,People are eating less meat these days.
seafood,ˈsiːfuːd,"animals from the sea that you can eat, for example fish and shellfish","You can buy seafood in the harbour, straight from the fishing boats."
vegetable,ˈvedʒtəbl,"a plant that is eaten raw or cooked, such as a cabbage, a carrot or peas",Some vegetables are better eaten raw.
vegetarian,ˌvedʒəˈteəriən,suitable for someone who does not eat meat or fish,Our local restaurant always has a good range of vegetarian dishes on the menu.
sweet,swiːt,containing or having a taste like sugar,This tea is too sweet.
savoury,ˈseɪvəri,savoury food tastes of salt,They sell pancakes with sweet and savoury fillings.
fresh,freʃ,"fresh food has recently been picked or prepared, and is not frozen or preserved",The beans are fresh from the garden.
spicy,ˈspaɪsi,"food that is spicy has a pleasantly strong taste, and gives you a pleasant burning feeling in your mouth","Harry makes a lovely pasta dish, with a spicy tomato sauce."
tasty,ˈteɪsti,"food that is tasty has a good taste, but is not sweet",Alex cooked a simple but tasty meal for all the helpers.
hot,hɒt,food that tastes hot has a burning taste because it contains strong spices,I love Mexican food – but that was too hot even for me!
fried,fraɪd,having been cooked in hot oil,The chicken is delicious served with fried onions.
healthy,ˈhelθi,good for your body,The children are given fruit as a healthy mid-morning snack.
grilled,ɡrɪld,"if something has been grilled, it has been cooked by putting it on a flat metal frame with bars across it, above or below strong direct heat ",We ate on the beach: grilled swordfish fresh from the sea.
homemade,ˌhəʊmˈmeɪd,made at home and not bought from a shop,All her jam is homemade.
bitter,ˈbɪtə,"having a strong sharp taste, like black coffee without sugar ",Bitter oranges are good for making marmalade.
light,laɪt,"food or drink that is light either does not have a strong taste or does not make you feel full very quickly, for example because it does not contain very much fat, sugar or alcohol",I had a light lunch in town.
grate,ɡreɪt,"to rub (cheese, vegetables, etc.) against a rough or sharp surface in order to break them into small pieces",Peel and grate the potatoes.
fry,fraɪ,"to cook (something) in hot fat or oil, or to be cooked in hot fat or oil",I could smell onions frying.
boil,bɔɪl,"to cook (something) in boiling water, or to be cooked in boiling water",Boil the rice for 15 minutes.
bake,beɪk,"to cook (something) using dry heat, in an oven, or to be cooked in this way",I'm baking some bread.
chop,tʃɒp,to cut (something) into smaller pieces,Can you chop up some carrots for me?
grill,ɡrɪl,"if you grill something, or if it grills, you cook it by putting it on a flat metal frame with bars across it, above or below strong direct heat",Grill the bacon until crisp.
peel,piːl,to remove the skin from (fruit or vegetables),Peel the apples and place them in a dish with some butter and sugar.
stir,stɜː,to move (a liquid or substance) around with a spoon or stick in order to mix it together,Stir a cup of cooked brown rice into the mixture.
pour,pɔː,to make (a liquid or other substance) flow out of or into a container by holding it at an angle,She poured coffee for everyone.
roast,rəʊst,"to cook (something, such as meat) in an oven or over a fire, or to be cooked in this way", Are you going to roast the chicken?
charge,tʃɑːdʒ,"if a battery charges, or if you charge it, it takes in and stores electricity",I forgot to charge my mobile phone.
empty,ˈempti,to remove everything that is inside (something),Did you empty the washing machine and hang out the clothes?
fill something with …,ˈfɪl ˌsʌmθɪŋ wɪð ,"if a container or place fills, or if you fill it, enough of something goes into it to make it full","First, fill the kettle with cold water."
load,ləʊd,to put a large quantity of something into a vehicle or container,Will you help me load the dishwasher?
unload,ʌnˈləʊd,to remove a large quantity of something from a vehicle or container,We helped them unload the boxes from the car.
switch on,ˌswɪtʃ ˈɒn,"to turn on (a machine, light, radio, etc.), or to be turned on, using a switch",The light switches on automatically when it gets dark.
switch off,ˌswɪtʃ ˈɒf,"to turn off (a machine, light, radio, etc.), or to be turned off, using a switch",Don’t forget to switch off the lights before you go.
turn down,ˌtɜːn ˈdaʊn,"to turn the switch on (a machine such as an oven, radio, etc.) so that it produces less heat, sound, etc.",Can you turn the TV down? I’m trying to work.
turn up,ˌtɜːˈn ˈʌp,"to turn a switch on (a machine such as an oven, radio, etc.) so that it produces more heat, sound, etc.",It's getting colder. Shall we turn the heating up?
cheat,tʃiːt,"to behave in a dishonest way in order to win or to get an advantage, especially in a competition, game or examination",He had cheated in the test by using a calculator.
fair,ˈfeə,treating everyone in a way that is right or equal,Why does Eric get to go and I don’t? It’s not fair!
jump the queue,ˌdʒʌmp ðə ˈkjuː,to go to the front rather than joining the end of a queue,An argument developed when she tried to jump the queue.
rude,ruːd,speaking or behaving in a way that is not polite and is likely to offend or annoy people,It’s rude to interrupt.
polite,pəˈlaɪt,"behaving or speaking in a way that is correct for the social situation you are in, and showing that you are careful to consider other people’s needs and feelings",He was too polite to ask how old she was.
steal,stiːl,to take (something that belongs to someone else),Boys broke into a shop and stole £45 in cash.
illegal,ɪˈliːɡl,not allowed by the law,She was found guilty of possession of illegal drugs.
wrong,rɒŋ,not morally right or acceptable,It’s wrong that people should have to sleep on the streets.
drop litter,ˌdrɒp ˈlɪtə,"to throw away waste paper, cans, etc. and leave them on the ground in a public place",People who drop litter can be fined in some cities.
speed,spiːd,to be driving faster than the legal limit,I got caught speeding on the A40 yesterday.
be against the law,bi əˌɡenst ðə ˈlɔː,to be forbidden by law,Driving a car without insurance is against the law.
lie,laɪ,to deliberately tell someone something that is not true,She had lied to protect her son.
dishonest,dɪˈsɒnɪst,"not honest, and so deceiving or cheating people",People are no longer surprised to find that politicians are dishonest.
criminal,ˈkrɪmɪnl,someone who is involved in illegal activities or has been proved guilty of a crime,Criminals are stealing people's credit card details off the internet.
judge,dʒʌdʒ,"the official in control of a court, who decides how criminals should be punished",The trial judge specifies the number of years to be spent in prison.
motive,ˈməʊtɪv,"the reason that makes someone do something, especially when this reason is kept hidden",The main motive for the killings seemed to be revenge.
prison,ˈprɪzn,"a building where people are kept as a punishment for a crime, or while they are waiting to go to court for their trial ",Helen was sent to prison for attacking a man with a knife.
suspect,ˈsʌspekt,someone who is thought to be guilty of a crime,Two suspects were arrested today in connection with the robbery.
thief,θiːf,someone who steals things from another person or place,The thief grabbed her handbag and ran off down the street.
victim ,ˈvɪktɪm,"someone who has been attacked, robbed or murdered",The victim received head injuries from which she died a week later.
witness,ˈwɪtnəs,someone who sees a crime or an accident and can describe what happened,One witness to the accident said the driver appeared to be drunk.
air pollution,ˈeə pəˌluːʃn,"damage caused to the gases that we breathe, for example by chemicals from factories and vehicles",Air pollution can cause breathing problems for some people.
endangered animal,ɪnˌdeɪndʒəd ˈænəml,an endangered animal is one that may soon no longer exist because there are so few of them,The lizards are classed as endangered animals.
extreme weather,ɪkˌstriːm ˈweðə,"very unusual and severe temperature and other conditions such as sun, rain and wind",The search had to be abandoned because of the extreme weather.
global warming,ˌɡləʊbl ˈwɔːmɪŋ,a general increase in world temperatures caused by increased amounts of carbon dioxide around the Earth,The recent floods have been linked to global warming.
plastic waste,ˌplæstɪk ˈweɪst,"unwanted plastic materials that are left after you have used them, e.g. drinks bottles",The device will be used to clear plastic waste from the world's oceans.
reduce,rɪˈdjuːs,"to make (something) smaller or less in size, amount or price",We need to reduce the amount of salt in our diet.
destroy,dɪˈstrɔɪ,to damage (something) so badly that it no longer exists or cannot be used or repaired,Some of these companies are polluting and destroying the environment.
waste,weɪst,"to use more (money, time, energy, etc.) than is useful or sensible",Leaving the heating on all the time wastes electricity.
save,seɪv,"to use less (money, time, energy, etc.) so that you do not waste any",We’ll save a lot of time if we go by car.
throw away,ˌθrəʊ əˈweɪ,to get rid of (something that you do not want or need),I never throw clothes away.
recycle ,ˌriːˈsaɪkl,to put used objects or materials through a special process so that they can be used again,We send all our clothes to be recycled.
reuse,ˌriːˈjuːz,to use (something) again,The bottles are designed to be reused up to 20 times.
damage,ˈdæmɪdʒ,to cause harm to or have a bad effect on (something or part of someone’s body),Several buildings were damaged by the earthquake.
support,səˈpɔːt,"to give money to (a group, organisation, or event, etc.) to encourage it or pay for its costs",There are a handful of charities which I support regularly.
injure,ˈɪndʒə,"to hurt (yourself or someone else), for example in an accident or an attack",Angus injured his leg playing rugby.
attack ,əˈtæk,to deliberately use violence to hurt (a person) or damage (a place),Police dogs are trained to attack.
protect,prəˈtekt,"to keep (someone or something) safe from harm, damage or illness",The cover protects the machine from dust.
kill,kɪl,to make (a person or animal) die,The driver and his passenger were killed in the crash.
destruction,dɪˈstrʌkʃn,the act or process of damaging something so badly that it no longer exists or cannot be used or repaired,The rains caused widespread destruction to crops.
protection,prəˈtekʃn,"keeping someone or something safe from harm, damage or illness",This law provides protection for threatened animals and plants.
pollute,pəˈluːt,"to make (air, water, soil, etc.) dangerously dirty and not suitable for people to use",The island has been seriously polluted by a copper mine.
pollution,pəˈluːʃn,"damage caused to the environment, for example by chemicals from factories and vehicles",Oil spills are a major cause of marine pollution.
damage,ˈdæmɪdʒ,harm to something,Biofuels cause less damage to the environment.
waste,weɪst,unwanted materials or substances that are left after you have used something,How much of our household waste is recycled?
injure,ˈɪndʒə,"to hurt (yourself or someone else), for example in an accident or attack",Her husband was injured in an accident at work.
lose,luːz,to become unable to find (someone or something),I’ve lost the tickets for tonight’s show.
miss,mɪs,to be too late for (something),I overslept and missed the train.
take,teɪk,"to move (something) to another place, or help (someone) go to another place",Don’t forget to take your keys.
bring,brɪŋ,"to take (something or someone) to the place where you are now, or the place where you are going",He asked his father if he could bring a friend to stay.
lend,lend,to let someone borrow (money or something that belongs to you) for a short time,Did you lend that book to Mike?
borrow,ˈbɒrəʊ,to use (something that belongs to someone else and that you must give back to them later),Can I borrow your pen for a minute?
journey,ˈdʒɜːni,"an occasion when you travel from one place to another, especially over a long distance","We stopped for breakfast, then continued our journey."
travel,ˈtrævl,"the activity of going from one place to another, or to several places, especially ones that are far away",My new job involves a fair amount of travel.
at the moment,ət ðə ˈməʊmənt,now,Julia’s on holiday in Spain at the moment.
actually,"ˈæktʃuəli, -tʃəli","in fact; used to emphasise the real or exact truth of a situation, rather than what people may think",What time are you actually leaving?
work on your language skills,ˌwɜːk ɒn jə ˈlæŋɡwɪdʒ ˌskɪlz,to try very hard to improve your ability to speak another lanɡuaɡe,"My new job involves a lot of travel, so I'm working on my language skills."
work on your singing,ˌwɜːk ɒn jə ˈsɪŋɪŋ,to try very hard to improve your ability to sing,"You're a good actor, but you need to work on your singing."
gain confidence,ˌɡeɪn ˈkɒnfɪdns,to gradually get more and more sure that you have the ability to do things well or deal with situations successfully,As you gain confidence you will become a better driver.
gain experience,ˌɡeɪn ɪkˈspɪəriəns,to gradually obtain knowledge or skill from doing a job or activity,Voluntary work is a good way of gaining experience.
improve your maths,ɪmˌpruːv jə ˈmæθs,to make your maths skills better,Practice is one of the best ways to improve your maths.
improve your speaking skills,ɪmˌpruːv jə ˈspiːkɪŋ ˌskɪlz,to make your ability to speak in public better,She has been attending drama classes to improve her speaking skills.
develop practical skills,ˌdɪveləp ˈpræktɪkl ˌskɪlz,"if you develop a practical skill, you become better at doing things relating to real situations and events rather than ideas, emotions, etc.",The course is designed to help mechanical engineers develop their practical skills.
develop your interview skills,ˌdɪveləp jər ˈɪntəvjuː ˌskɪlz,"if you develop your interview skills, you become better at answering questions about whether you are suitable for a job, course of study, etc.","Even if you don't get the job, it will be a good opportunity to develop your interview skills."
prepare delicious dishes,prɪˌpeə dɪˌlɪʃəs ˈdɪʃəz,to make excellent food,We learned to prepare delicious Vietnamese dishes.
prepare for an interview,prɪˌpeə fər ən ˈɪntəvjuː,"to make yourself mentally or physically ready for a formal meeting at which you are asked questions in order to find out whether you are suitable for a job, course of study, etc.",Josh has been preparing for his army interview for months.
edit photos,ˌedɪt ˈfəʊtəʊz,"to improve photographs by adding effects, removing material or making parts clearer",This software includes improved tools for editing photos.
edit your work,ˌedɪt jə ˈwɜːk,to prepare a piece of written work by removing mistakes or parts that are not acceptable,Editing your work carefully could mean you receive a higher mark.
design a website,dɪˌzaɪn ə ˈwebsaɪt,to plan or develop a place on the internet where you can find information,Their website has been professionally designed.
design your own clothes,"dɪˌzaɪn jər əʊn ˈkləʊðz, ˈkləʊz",to make a drawing or plan of something that you will wear yourself,Most fashion students have designed their own clothes at some time.
learn how to change a plug,ˌlɜːn haʊ tə ˌtʃeɪndʒ ə ˈplʌɡ,to gain knowledge of the skill of changing the small object at the end of a wire that is used for connecting a piece of electrical equipment to the main supply of electricity,I learned to change a plug in a physics lesson when I was 12.
learn the drums,ˌlɜːn ðə ˈdrʌmz,to gain knowledge of how to play musical instruments made of skin stretched over a circular frame,Rick starting playing guitar but learnt the drums when the drummer left the band.
take photos,ˌteɪk ˈfəʊtəʊz,to use a camera to create images,We took photos of each other on the beach.
take a course,ˌteɪk ə ˈkɔːs,to do a series of lessons in a particular subject,I’m taking a course in graphic design.
get married,ɡet ˈmærid,"if you get married to someone, you become their husband or wife",The princess is getting married next April.
get engaged,ɡet ɪnˈɡeɪdʒd,"if two people get engaged, they agree to marry",They're planning to get engaged when they've finished their training.
get divorced,ɡet dɪˈvɔːst,to end a marriage,My parents are getting divorced.
have children,hæv ˈtʃɪldrən,to become a parent and have more than one baby,He stopped racing when he had children.
move house,ˌmuːv ˈhaʊs,to go and live in a different place,We moved house four times in ten years because of Greg's job.
graduate from university/college,ˌɡrædʒuːeɪt frəm ˌjuːnəˈvɜːsəti/ˈkɒlɪdʒ,"to obtain a degree, especially a first degree, from a college or university",He graduated in physics from Cambridge University.
find your first job,ˌfaɪnd jə ˌfɜːst ˈdʒɒb,to arrange your first work position,Stella found her first job a week after leaving school.
get your first job,ˌɡet jə ˌfɜːst ˈdʒɒb,to be offered your first work position,Henry got his first job at an engineering company.
lose your first job,ˌluːz jə ˌfɜːst ˈdʒɒb,to be asked to leave your first work position,"I lost my first job after three days – but it was very boring, so I didn't mind!"
pass a driving test,ˌpɑːs ə ˈdraɪvɪŋ test,to succeed in the test that you must pass before you are allowed to drive,I passed my driving test the second time I took it.
pass an exam,ˌpɑːs ən ɪɡˈzæm,to succeed in an important test,Did you pass your final exam?
win an award,ˌwɪn ən əˈwɔːd,to be given a prize,Jacobs won an award for his life-changing invention.
go travelling,ˌɡəʊ ˈtrævlɪŋ,"to travel to a lot of different places, especially places that are far away",Zak went travelling for two years after leaving university.
go abroad,ˌɡəʊ əˈbrɔːd,to travel to a foreign country,She often goes abroad on business.
start a business,ˌstɑːt ə ˈbɪznəs,"to set up an organisation such as a company, shop or factory that produces or sells goods or provides a service",The two brothers started a printing business.
leave school,ˌliːv ˈskuːl,to permanently stop attending school,He left school when he was 14 to help his father run the farm.
leave home,ˌliːv ˈhəʊm,to permanently stop living at home,How old were you when you left home?
fall in love,ˌfɔːl ɪn ˈlʌv,to start being in love,I fell in love with her the minute I saw her.
backpack,ˈbækpæk,"a bag used for carrying things on your back, especially by people on long walks",I can carry everything I need for a day in the mountains in a small backpack.
camping stove,ˈkæmpɪŋ ˌstəʊv,"a small device used to cook food in a single pot outdoors, when camping, etc.",We've become quite good at inventing meals you can cook on a camping stove.
insect repellent,ˈɪnsekt rɪˌpelənt,a chemical to keep insects away,"If you go camping, you should take some insect repellent."
portable charger,ˌpɔːtəbl ˈtʃɑːdʒə,"a piece of equipment used to put electricity into a battery, which you can use when travelling",The portable charger meant I could still use my mobile phone after three days at sea.
sleeping bag,ˈsliːpɪŋ bæɡ,"a large warm bag that you sleep in, especially when camping",Rob lent me a sleeping bag and let me sleep on his floor.
sunglasses,ˈsʌnˌɡlɑːsɪz,dark glasses that you wear to protect your eyes when the sun is very bright ,Pilots are advised to wear sunglasses to prevent problems with their eyes later in life.
sunscreen ,ˈsʌnskriːn,a cream or oil that you rub into your skin to stop the sun from burning you ,It's important to protect your child's skin with sunscreen.
tent,tent,"a shelter consisting of a sheet of cloth supported by poles and ropes, used especially for camping",We put our tent up by the river.
torch,tɔːtʃ,a small electric lamp that you carry in your hand,We shone our torches around the cave.
walking boots,ˈwɔːkɪŋ buːts,shoes that cover your whole foot and the lower part of your leg,In the mountains you’ll need some strong walking boots.
waterproof jacket,ˌwɔːtəpruːf ˈdʒækɪt,a short light coat that does not allow water to enter,Please provide your child with a packed lunch and a waterproof jacket for the trip.
headphones,ˈhedfəʊnz,"a piece of equipment that you wear over your ears to listen to the radio, music, etc. without other people hearing it",He didn't hear the bus driver's instructions because he was wearing headphones.
passport,ˈpɑːspɔːt,"a small official document that you get from your government, that proves who you are, and which you need in order to leave your country and enter other countries",She was born in India but has a British passport.
tennis racket,ˈtenɪs ˌrækɪt,a specially shaped piece of wood or metal that you use for hitting the ball in tennis,Most professional players will use at least six tennis rackets in a match.
swimsuit,ˈswɪmsuːt,a piece of clothing worn for swimming,"Bring a swimsuit, because we're planning to swim in the river before the picnic."
can opener,ˈkæn ˌəʊpnə,a tool for opening a can of food,My pocket knife has a good can opener.
basketball,ˈbɑːskɪtbɔːl,"the ball used in a game played indoors between two teams of five players, in which each team tries to win points by throwing a ball through a net",The whole team wrote their names on Joe's basketball.
running shoes,ˈrʌnɪŋ ʃuːz,light sports shoes that are designed for the sport of running,Get yourself a good pair of running shoes if you want to enter the race.
guidebook,ˈɡaɪdbʊk,"a book about a city, country, etc.",Can I borrow your guidebook to Barcelona?
toothbrush,ˈtuːθbrʌʃ,a small brush that you use for cleaning your teeth,Buy a new toothbrush every three months.
clear up,ˌklɪər ˈʌp,to make a place look tidier by putting things back where they belong,"Adam, clear up this mess before your father sees it."
take out,ˌteɪk ˈaʊt,"to remove (things that people throw away, such as old food, dirty paper, etc.) from the house to a bin outside",We take the rubbish out every night before locking up the restaurant.
call back,ˌkɔːl ˈbæk,"to telephone someone again, for example because they were not at home when you telephoned last time, or because they have previously called you",Can you ask John to call me back when he gets in?
shut down,ˌʃʌt ˈdaʊn,"if a large machine, etc. is shut down, it stops operating, either permanently or for a short time",The way to shut the machine down is to type EXIT.
join in,ˌdʒɔɪn ˈɪn,to take part in something that a group of people are doing or that someone else does,"In the evening there was a barbecue, with the whole village joining in the fun."
put away,ˌpʊt əˈweɪ,to put (something) in the place where it is usually kept,He put his toys away every night.
throw away,ˌθrəʊ əˈweɪ,to get rid of (something that you do not want or need),I shouldn’t have thrown away the receipt.
put back,ˌpʊt ˈbæk,to put (people or things) in the place or situation they were in before,She put the saucepan back on the stove.
give out,ˌɡɪv ˈaʊt,to give (something) to each person in a group,Students were giving out leaflets to everyone on the street.
deal with,ˈdiːl wɪð,to do business with (someone) or have a business connection with (someone),Most travel agents do not deal directly with these companies.
hand in,ˌhænd ˈɪn,to give (something) to someone in authority,Did you hand your homework in on time?
look after,lʊk ˈɑːftə,"to take care of (someone) by helping them, giving them what they need or keeping them safe","Don’t worry, I’ll look after the kids tomorrow."
look forward to,lʊk ˈfɔːwəd tə,to be excited and pleased about (something that is going to happen),My mother says she’s looking forward to meeting you.
take after,ˈteɪk ˌɑːftə,to look or behave like (an older relative),Jenni really takes after her mother.
take up,ˌteɪk ˈʌp,to become interested in (a new activity) and to spend time doing it,"Rosie's taken up photography, so she needs a new camera."
get over,ɡet ˈəʊvə,to become well again after (an illness),It’s taken me ages to get over the flu.
get in,ɡet ˈɪn,to enter a place or a vehicle,We managed to get in through a window.
put off,pʊt ˈɒf,"to delay doing (something) or to arrange to do (something) at a later time or date, especially because there is a problem or you do not want to do it now",I put off going to the doctor but I wish I hadn’t.
amazingly,əˈmeɪzɪŋli,very surprisingly,"Amazingly, you still see people using mobile phones while driving."
fortunately,ˈfɔːtʃnətli,happening because of good luck,"Fortunately, everything worked out all right in the end."
unfortunately,ʌnˈfɔːtʃnətli,used when you are mentioning a fact that you wish was not true,"Unfortunately, you were out when we called."
happily,ˈhæpəli,in a happy way / fortunately,"Michelle smiled happily. / Happily, his injuries were not serious."
sadly,ˈsædli,in a way that shows that you are sad / unfortunately,"Peter shook his head sadly. / Sadly, the business failed."
hopefully,ˈhəʊpfli,a way of saying what you hope will happen,By then the problem will hopefully have been solved.
luckily,ˈlʌkəli,"used to say that it is good that something happened or was done because if it had not, the situation would be unpleasant or difficult","Luckily, the museum was not damaged by the earthquake."
unluckily,ʌnˈlʌkəli,used to say that it is bad that something happened or was done because it resulted in an unpleasant or difficult situation ,"Unluckily, the car broke down on the way to his interview."
obviously,ˈɒbviəsli,used to mean that a fact can easily be noticed or understood,"Obviously, this is going to take some time."
strangely,ˈstreɪndʒli,in an unusual or surprising way,"Strangely enough, I wasn’t that disappointed."
surprisingly,səˈpraɪzɪŋli,unusually or unexpectedly,"Surprisingly, there has been very little research into the disease."
not surprisingly,ˌnɒt səˈpraɪzɪŋli,used to mean that something is not surprising or could have been expected,"Not surprisingly, with youth unemployment so high, some school-leavers with qualifications fail to find jobs."
thankfully,ˈθæŋkfli,"used to say that you are glad that something has happened, especially because a difficult situation has ended or been avoided","Thankfully, I managed to pay off all my debts before we got married."
tragically,ˈtrædʒɪkli,"in a way that makes you feel sad, especially because someone has died","Tragically, her dancing career ended only six months later."
bay,beɪ,a part of the sea that is partly enclosed by a curve in the land,We spent a week in a house with a view across the bay.
cave,keɪv,"a large natural hole in the side of a cliff or hill, or under the ground",The boys went into a cave until the storm was over.
cliff,klɪf,"a large area of rock or a mountain with a very steep side, often at the edge of the sea or a river",Keep away from the cliff edge.
coast,kəʊst,the area where the land meets the sea,We drove along the Pacific coast to Seattle.
desert,ˈdeʒət,"a large area of land where it is always very dry, there are few plants, and there is a lot of sand or rocks ",A hot dry wind blows from the desert areas of North Africa.
forest,ˈfɒrɪst,a large area of land that is covered with trees,Much of Scandinavia is covered in dense forest.
hill,hɪl,"an area of land that is higher than the land around it, like a mountain but smaller ",The view from the top of the hill was beautiful.
island,ˈaɪlənd,a piece of land completely surrounded by water,We stayed on the Greek island of Crete.
lake,leɪk,a large area of water surrounded by land,Are there any fish in the lake?
mountain,ˈmaʊntɪn,a very high hill,She was the first British woman to climb the mountain.
peak,piːk,the sharply pointed top of a mountain,All around are the spectacular mountain peaks of the Jungfrau region.
rainforest,ˈreɪnfɒrɪst,"a tropical forest with tall trees that are very close together, growing in an area where it rains a lot",My uncle studies insects in the Amazon rainforest.
river,ˈrɪvə,a natural and continuous flow of water in a long line across a country into the sea,The story is set on the Mississippi River.
shore,ʃɔː,the land along the edge of a large area of water such as an ocean or lake,Split lies on the shore of the Adriatic.
valley,ˈvæli,"an area of lower land between two lines of hills or mountains, usually with a river flowing through it",There are extensive views across the San Fernando Valley.
waterfall,ˈwɔːtəfɔːl,a place where water from a river or stream falls down over a cliff or rock,We swam in a pool at the bottom of the waterfall.
save up for,ˌseɪv ˈʌp fə,"to keep money in a bank so that you can use it later to buy something, especially when you gradually add more money over a period of time",I’m saving up for a new car.
pay in cash,ˌpeɪ ɪn ˈkæʃ,"to buy somethinɡ usinɡ money in the form of coins or notes rather than cheques, credit cards, etc.",The shop charges less if the customer pays in cash.
pay by credit card,ˌpeɪ baɪ ˈkredɪt kɑːd,to buy somethinɡ usinɡ a small plastic card that you use to buy goods or services and pay for them later,It's safer to pay by credit card when you shop online.
keep the receipt,ˌkiːp ðə rɪˈsiːt,to keep the piece of paper that you are given which shows that you have paid for something,Keep your receipt in case you want to bring it back.
exchange ,ɪksˈtʃeɪndʒ,to replace (one thing) with another ,He exchanged the black jacket for a blue one.
look for bargains,ˌlʊk fə ˈbɑːɡɪnz,to try to find something you can buy cheaply or for less than its usual price,She began looking for bargains at car boot sales.
look for special offers,ˌlʊk fə ˌspeʃl ˈɒfəz,to try to buy something which has been reduced in price for a short time,It's worth looking for special offers on garden furniture in September.
a good deal,ə ˌɡʊd ˈdiːl,when you buy something at a good price,He managed to get a good deal on a car for his son.
the sales,ðə ˈseɪlz,when all the shops have a sale,I picked up some real bargains in the January sales this year.
go on sale,ˌɡəʊ ɒn ˈseɪl,to begin to be sold,Stephen King’s new novel will go on sale next week.
goods,ɡʊdz,things that are produced in order to be sold,Today's shoppers are spending more money on mobile phones and electrical goods than on clothing.
deliver,dɪˈlɪvə,"to take (goods, letters, packages, etc.) to a particular place or person",I’m having some flowers delivered for her birthday.
get a refund,ɡet ə ˈriːfʌnd,to receive back an amount of money if you are not satisfied with the goods or services that you have paid for,"If you return an item within 28 days, you will get a refund."
cancel an order,ˌkænsl ən ˈɔːdə,to end an agreement that you have with someone to buy something or have something delivered,"If you can't deliver the furniture on the agreed date, I'll have to cancel the order."
wonderful,ˈwʌndəfl,making you feel very happy,We had a wonderful time in Spain.
terrible,ˈterəbl,very bad,The journey was terrible – it took six hours.
tiny ,ˈtaɪni,very small,Dairy foods provide your body with a tiny amount of vitamin D.
disgusting,dɪsˈɡʌstɪŋ,extremely unpleasant and making you feel sick,Rubbish was piled everywhere – it was disgusting.
excellent,ˈekslənt,extremely good or of very high quality,His English was excellent.
huge,hjuːdʒ,"extremely large in size, amount or degree ",She was chased by a huge dog.
furious,ˈfjʊəriəs,very angry,Her family are furious that her name has been published by the press.
thrilled,θrɪld,"very excited, happy and pleased",We were so thrilled to hear about the baby.
terrified,ˈterɪfaɪd,very frightened,We were terrified that the bridge would collapse.
gorgeous,ˈɡɔːdʒəs,extremely pleasant or enjoyable,The hotel room had a gorgeous view.
exhausted,ɪɡˈzɔːstɪd,extremely tired,When I got to the end of my exams I was mentally exhausted.
freezing,ˈfriːzɪŋ,extremely cold,It’s freezing in this house. Can’t I turn on the heating?
boiling,ˈbɔɪlɪŋ,extremely hot,Can I open a window? It’s boiling in here.
shocked,ʃɒkt,feeling surprised and upset by something very unexpected and unpleasant,We were too shocked to talk.
enormous,ɪˈnɔːməs,very big in size or in amount,The team made an enormous effort.
ancient,ˈeɪnʃnt,having existed for a very long time ,We explored the ancient walled city.
awful,ˈɔːfl,very bad or unpleasant,The weather was awful.
fascinating,ˈfæsəneɪtɪŋ,extremely interesting,We watched a fascinating documentary about dolphins.
delighted,dɪˈlaɪtɪd,very pleased and happy,She was delighted with her new home.
abstract,ˈæbstrækt,"abstract paintings, designs, etc. consist of shapes and patterns that do not look like real people or things",Kandinsky's paintings became more abstract as the years passed.
cheerful,ˈtʃɪəfl,something that is cheerful makes you feel happy because it is so bright or pleasant,The house has a cheerful atmosphere.
colourful,ˈkʌləfl,having bright colours or a lot of different colours,The dancers wore colourful costumes.
creative,kriˈeɪtɪv,involving the use of imagination to produce new ideas or things,I teach creative writing at Trinity College.
old-fashioned,ˌəʊld ˈfæʃnd,not considered to be modern or fashionable any more,She wears really old-fashioned clothes!
original,"əˈrɪdʒɪnl, -dʒnəl",completely new and different from anything that anyone has thought of before,She came up with some really good and original ideas for the centenary celebrations.
powerful,ˈpaʊəfl,having a strong effect on someone’s feelings or opinions,The final act is a powerful piece of theatre.
realistic,rɪəˈlɪstɪk,realistic pictures or stories show things as they are in real life,The series aims to give a realistic portrayal of life in Victorian Britain.
silly,ˈsɪli,not serious or practical,They served us coffee in these silly little cups.
spectacular,spekˈtækjələ,very impressive,Corsica is a mountainous island with spectacular scenery.
traditional,trəˈdɪʃnəl,"following ideas and methods that have existed for a long time, rather than doing anything new or different",I went to a very traditional school.
ugly,ˈʌɡli,extremely unattractive and unpleasant to look at,They have built several very ugly blocks of flats near the airport.
unoriginal,"ˌʌnəˈrɪdʒɪnl, -dʒnəl",not new or different from anything that anyone has thought of before,That’s an unoriginal suggestion.
weird,ˈwɪəd,"very strange and unusual, and difficult to understand or explain",They sell all sorts of weird products.
revise (for a test/an exam),rɪˌvaɪz fər ə ˈtest/ən ɪɡˈzæm,"to study facts again, in order to learn them before a test or an examination",She’s revising for her history exam.
do well (in a test/an exam),duː ˌwel ɪn ə ˈtest/ən ɪɡˈzæm,to be successful in a test or an examination,Students are under considerable pressure to do well.
take (a test/an exam),ˌteɪk ə ˈtest/ən ɪɡˈzæm,to do a test or an examination,Applicants are asked to take a written test.
pass (a test/an exam),ˌpɑːs ə ˈtest/ən ɪɡˈzæm,to succeed in a test or an examination,He hasn’t passed his driving test yet.
fail (a test/an exam),ˌfeɪl ə ˈtest/ən ɪɡˈzæm,to not pass a test or an examination,He failed maths but passed all his other subjects.
boarding school,ˈbɔːdɪŋ ˌskuːl,a school where students live as well as study,"Rugby is a famous English boarding school, where the game of that name was invented."
secondary school,ˈsekəndri ˌskuːl,a school for children between the ages of 11 and 16 or 18 ,My sister and I attended different secondary schools after the age of 14.
primary school,ˈpraɪmri ˌskuːl,"a school for children between 5 and 11 years old in England, Scotland and Wales",Children start primary school here at the age of 5.
get low/high grades,ɡet ˌləʊ/ˌhaɪ ˈɡreɪdz,to get poor/good marks in a test or an examination,Tim worked hard and got good grades.
pay fees,ˌpeɪ ˈfiːz,"to pay an amount of money to do something, e.g. to attend a school or college","We have three children at the school, so we'll be paying fees for many years."
state school,ˈsteɪt ˌskuːl,a British school which receives money from the government and provides free education,Universities encourage students from state schools to apply.
attend (a school),əˌtend ə ˈskuːl,"to go regularly to (a school, church, etc.)",I am the first child in my family to attend college.
take a subject,ˌteɪk ə ˈsʌbdʒɪkt,to study a particular subject in school or college for an examination,Are you taking French next year?
get qualifications,ɡet ˌkwɒlɪfɪˈkeɪʃnz,to pass an examination or course to show that you have a particular level of skill or knowledge in a subject,I want to get the qualifications so that I can become a doctor.
say goodbye,ˌseɪ ɡʊdˈbaɪ,"to say the words used when you are leaving someone, or when they are leaving",She left without saying goodbye.
say nothing,ˌseɪ ˈnʌθɪŋ,to remain silent,I wished I had said nothing about Jordi.
say what you think,ˌseɪ wɒt jʊ ˈθɪŋk,to use words to express your opinion about something,At last I'm free to say what I think about my mother-in-law!
say yes,ˌseɪ ˈjes,to agree to something,"Can I go to Sam's party, Dad? Please say yes!"
tell someone a secret,ˌtel sʌmwʌn ə ˈsiːkrɪt,to talk to someone about something that is kept hidden or that is known about by only a few people,Shall I tell you a secret?
tell someone something,ˈtel sʌmwʌn ˌsʌmθɪŋ,"if someone tells you something, they communicate information, a story, their feelings, etc. to you",I wish someone had told me the meeting was cancelled.
tell a story,ˌtel ə ˈstɔːri,"to speak to people, giving them a description of events, told to entertain them",He then told the story of how he was injured while riding his motorcycle.
tell the truth,ˌtel ðə ˈtruːθ,"to say the true facts about something, rather than something untrue, imagined or guessed",How do we know you’re telling us the truth?
speak about something,ˈspiːk əbaʊt ˌsʌmθɪŋ,"to talk to someone, or a group of people, about something",I haven’t spoken to Steve about all this.
speak a language,ˌspiːk ə ˈlæŋɡwɪdʒ,to be able to talk in a particular language,Can you speak a foreign language?
speak on the phone,ˌspiːk ɒn ðə ˈfəʊn,to use the telephone to have a conversation with someone,I haven't seen my parents for six months but we speak on the phone twice a week.
speak quietly,ˌspiːk ˈkwaɪətli,to talk without making much noise,We spoke quietly because Sophie was still asleep.
speak with someone,ˈspiːk wɪð ˌsʌmwʌn,to talk to someone,They did not want to speak with reporters.
persuade,pəˈsweɪd,"to make someone decide to do something, especially by giving them reasons why they should do it, or asking them many times to do it",Do you think you can persuade him to lend us the money?
encourage,ɪnˈkʌrɪdʒ,"to give someone more confidence or desire to do something, or to make something easier or more desirable to do",Language students are strongly encouraged to study abroad for one semester.
advise,ədˈvaɪz,"to tell someone what you think they should do, especially when you know more than they do about something",I’d advise you not to say anything to the press.
warn,wɔːn,"to tell someone that something bad or dangerous may happen, so that they can avoid it or prevent it",I warned you not to walk home alone.
promise,ˈprɒmɪs,to tell someone that you will definitely do or provide something or that something will happen,‘Promise me you won’t do anything stupid.’ ‘I promise.’
start,stɑːt,"to do something that you were not doing before, and continue doing it ",What Kerry said started me thinking.
avoid,əˈvɔɪd,"to deliberately not do something, especially something wrong, dangerous or harmful",You should avoid over-spending in the first half of the year.
suggest,səˈdʒest,"to tell someone your ideas about what they should do, where they should go, etc.",Tracey suggested meeting for a drink after work.
refuse,rɪˈfjuːz,to say firmly that you will not do something that someone has asked you to do,I absolutely refuse to take part in anything illegal.
consider,kənˈsɪdə,"to think about something carefully, especially before making a choice or decision",I seriously considered resigning.
recommend,ˌrekəˈmend,"to advise someone to do something, especially because you have special knowledge of a situation or subject",I would strongly recommend buying a good quality bicycle rather than a cheap one.
arrange an interview,əˌreɪndʒ ən ˈɪntəvjuː,"to organise or make plans for a formal meeting at which someone is asked questions in order to find out whether they are suitable for a job, course of study, etc.",Beth arranged interviews for all six candidates with the marketing director.
arrange/set up a meeting,əˌreɪndʒ/ˌset ʌp ə ˈmiːtɪŋ,to organise or make plans for an event at which people meet to discuss and decide things,We’ve arranged a meeting next week to discuss the matter.
do research,ˌduː rɪˈsɜːtʃ,"to carry out serious study of a subject, in order to discover new facts or test new ideas",They are doing research into the effects of the drug.
employ people,ɪmˈplɔɪ ˌpiːpl,to pay individuals to work for you,"The factory employs over 2,000 people."
give a presentation,ˌɡɪv ə preznˈteɪʃn,to speak at an event at which you describe or explain a new product or idea,I’m going to ask each of you to give a short presentation.
interview people,ˈɪntəvjuː ˌpiːpl,to ask individuals questions during an interview,We’re interviewing six candidates for the job.
manage a project,ˌmænɪdʒ ə ˈprɒdʒekt,"to direct or control a carefully planned piece of work and the people, equipment and money involved in it, to get information about something, build something, improve something, etc.",I've been asked to manage the new shopping centre project.
manage people,ˈmænɪdʒ ˌpiːpl,to direct or control the individuals who work in a particular department or job,Do you have any experience of managing hospital staff?
manage a shop,ˌmænɪdʒ ə ˈʃɒp,"to direct or control a building where you can buy things, and the people, equipment and money involved in it",She's managing her uncle's butcher's shop while he is recovering from an illness.
offer someone a job,ˌɒfə sʌmwʌn ə ˈdʒɒb,to ask someone if they would like to be employed by you or your company,"They offered him a very good job, but he turned it down."
serve customers,ˌsɜːv ˈkʌstəməz,"to help the customers in a shop, especially by bringing them the things that they want",There was only one girl serving customers.
write a report,ˌraɪt ə rɪˈpɔːt,"to write a written or spoken description of a situation or event, giving people the information they need",Her social worker has written a report on the case.
work in a team,ˌwɜːk ɪn ə ˈtiːm,to work in a group of people who have been chosen to work together to do a particular job,"I work well on my own, but even better in a team."